<application>
  <component name="WebServers">
    <option name="servers">
      <webServer id="748d7378-9fa9-4fc7-b847-cbafb2f2f156" name="43.226.36.49" url="http://43.226.36.49">
        <fileTransfer host="43.226.36.49" port="22" rootFolder="/data/project" accessType="SFTP">
          <advancedOptions>
            <advancedOptions dataProtectionLevel="Private" passiveMode="true" shareSSLContext="true" />
          </advancedOptions>
          <option name="port" value="22" />
        </fileTransfer>
      </webServer>
    </option>
  </component>
</application>