<application>
  <component name="AppStorage">
    <histories>
      <item value="support" />
      <item value="支持" />
      <item value="处理失败" />
      <item value="业务创建失败" />
      <item value="原消费总金额" />
      <item value="超过退款次数" />
      <item value="A non well formed numeric value encountered" />
      <item value="push async task to queue" />
      <item value="push websocket message" />
      <item value="Payload" />
      <item value="closures" />
      <item value="The adapter decorator caches metadata and directory listings." />
      <item value="Register an event name with a closure binding" />
      <item value="Emit data and reset some status." />
      <item value="Set multiple recipients fd or room names" />
      <item value="Set broadcast to true" />
      <item value="无可分配IPMI IP" />
      <item value="duplicate" />
      <item value="重复" />
      <item value="授权信息联系方式格式错误" />
      <item value="预约时间只能选择未来的时间" />
      <item value="设备未下架，不能执行删除操作" />
      <item value="通用的" />
      <item value="OPTIONAL" />
      <item value="overlaps" />
      <item value="off shelf" />
      <item value="offshelf" />
      <item value="到期时间不一致" />
      <item value="机柜无可分配端口号" />
      <item value="switches" />
      <item value="新配置与原配置相同" />
      <item value="升级带宽时应高于当前带宽" />
      <item value="美元余额" />
      <item value="rate" />
      <item value="汇率" />
      <item value="后缀" />
      <item value="前缀" />
      <item value="标识" />
      <item value="currency" />
      <item value="多币种" />
      <item value="币种" />
      <item value="External" />
      <item value="区" />
      <item value="eare" />
      <item value="省份" />
      <item value="硬盘" />
      <item value="Checksum" />
      <item value="inte" />
      <item value="inter" />
      <item value="internal" />
    </histories>
    <option name="languageScores">
      <map>
        <entry key="CHINESE" value="42" />
        <entry key="ENGLISH" value="42" />
        <entry key="CHINESE_TRADITIONAL" value="2" />
        <entry key="FRENCH" value="1" />
      </map>
    </option>
  </component>
</application>